{
  "SERVER": {
    "ID": "1172926028436492308",
    "Name": "TestServer",
    "Install": false
  },
  "PACKAGE": {
    "Type": "FULL",
    "Name": "Ruby VIP+",
    "Desc": "Bu paket tüm özellikleri ve tüm sistemleri kapsamaktadır.",
    "Status": true,
    "Price": 1000,
    "StartAt": 1664856195288,
    "LastPayment": 1666581165742,
    "Payments": [
      {
        "Id": 1,
        "Price": 1000,
        "Type": "FULL",
        "Date": 1664856195288,
        "Payment": "BAŞLANGIÇ"
      }
    ]
  },
"TOKENS": {
    "Statistics": "MTE0NzAwNDUwNTA5NTk0NjM2MA.G8UgKJ._DhKraaO-JB-N80L88xEHtiu2BzxihOkoYY2ZA",
    "Voucher":"MTE0ODc2MTY4MzYwMzUwOTI5OQ.G_nfGY.--4Rj6K-HjsGUy3LjsIkSlK940fsiHYWNxFloo",
    "SYNC": "MTE0ODk2NzUxNTgxNzUyOTQ4NA.GXg2tD.SuqyL76lGTZyi8ocmtlD0NH0-chfljv9UcfSog",
    "CONTROLLER": "MTE0ODk3MzA5OTIzMzA1ODg4OQ.Gc1e-X.Ak0sY_XiNRHxx7iFSAW8C7io0kxbvVc4QOZfLs",
    "SECURITY": {
      "MAIN": "MTE0OTA5MzcyODM4OTE4MTQ5MQ.GYS-UL.NtNYEJ0ZRL9_Rov2C4xAq7V9xCl_ViYQ540WBk",
      "SEC_ONE": "MTE0OTA5Mzg5NDgxOTE3MjUxMw.GiS_6i.H1UIhxgYsYJ5y9LNtDy7_sI8IoA21LcxiFtL4Y",
      "SEC_TWO": "MTE0OTA5Mzk3MDkwODAyMDc5Ng.G_N2GZ.3eoTp-4p3URV7BsrvHL_NdEHIVtap8YIkHixQc",
      "DISTS": [
        "MTE0OTA5NDIzNjY2MzMyNDg3Mg.GaGHy0.39dcOpgvKUgxsAJtCVlkCV107sSVaq5Fo9Pn1I"]
    },
    "WELCOME": {
      "Active": false,
      "WELCOMES": [],
      "WELCOME_CHANNELS": []
    }
  },
  "botSettings": {
    "Prefixs": [
      ".",
      "+",
      "!",
      "/",
      "-",
      "?",
      "="
    ]
  },
  "Webclient": {
    "clientID": "1149094236663324872",
    "secret": "bfDEtl5QrB1r7pt2XtlmbbjwmOnpCwKB",
    "callbackURL": "http://91.151.83.169:4939/callback"
  },
  "botStatus": {
    "Status": "dnd",
    "Name": "KyLockz Was Here ❤️"
  },
  "Database": {
    "Active": true,
    "MongoURL": "mongodb://127.0.0.1/kylockz"
  }
}