{
  "name": "token",
  "version": "0.0.1",
  "lockfileVersion": 2,
  "requires": true,
  "packages": {
    "": {
      "name": "token",
      "version": "0.0.1",
      "license": "MIT",
      "dependencies": {
        "@discordjs/voice": "^0.14.0",
        "croxydb": "0.0.7",
        "discord.js": "^13.16.0",
        "discord.js-selfbot": "^12.0.2",
        "discord.js-selfbot-rpc": "^1.0.1",
        "discord.js-selfbot-v13": "^2.9.5",
        "dotenv": "^16.0.1",
        "selfbot": "^2.0.0"
      },
      "engines": {
        "node": "16.x"
      }
    },
    "node_modules/@aikochan2k6/qrcode-terminal": {
      "version": "0.12.1",
      "resolved": "https://registry.npmjs.org/@aikochan2k6/qrcode-terminal/-/qrcode-terminal-0.12.1.tgz",
      "integrity": "sha512-GfSrCCqKti0XyomCOaFRL//dnEpDux4tJleywuYChjHue+pqjM0lP39cQq8qtmfcOm1CqhWQeB6JS6kY4tQ8Tw=="
    },
    "node_modules/@discordjs/builders": {
      "version": "0.16.0",
      "resolved": "https://registry.npmjs.org/@discordjs/builders/-/builders-0.16.0.tgz",
      "integrity": "sha512-9/NCiZrLivgRub2/kBc0Vm5pMBE5AUdYbdXsLu/yg9ANgvnaJ0bZKTY8yYnLbsEc/LYUP79lEIdC73qEYhWq7A==",
      "deprecated": "no longer supported",
      "dependencies": {
        "@sapphire/shapeshift": "^3.5.1",
        "discord-api-types": "^0.36.2",
        "fast-deep-equal": "^3.1.3",
        "ts-mixer": "^6.0.1",
        "tslib": "^2.4.0"
      },
      "engines": {
        "node": ">=16.9.0"
      }
    },
    "node_modules/@discordjs/builders/node_modules/discord-api-types": {
      "version": "0.36.3",
      "resolved": "https://registry.npmjs.org/discord-api-types/-/discord-api-types-0.36.3.tgz",
      "integrity": "sha512-bz/NDyG0KBo/tY14vSkrwQ/n3HKPf87a0WFW/1M9+tXYK+vp5Z5EksawfCWo2zkAc6o7CClc0eff1Pjrqznlwg=="
    },
    "node_modules/@discordjs/collection": {
      "version": "1.5.2",
      "resolved": "https://registry.npmjs.org/@discordjs/collection/-/collection-1.5.2.tgz",
      "integrity": "sha512-LDplPy8SPbc8MYkuCdnLRGWqygAX97E8NH7gA9uz+NZ/hXknUKJHuxsOmhC6pmHnF9Zmg0kvfwrDjGsRIljt9g==",
      "engines": {
        "node": ">=16.9.0"
      }
    },
    "node_modules/@discordjs/formatters": {
      "version": "0.3.1",
      "resolved": "https://registry.npmjs.org/@discordjs/formatters/-/formatters-0.3.1.tgz",
      "integrity": "sha512-M7X4IGiSeh4znwcRGcs+49B5tBkNDn4k5bmhxJDAUhRxRHTiFAOTVUNQ6yAKySu5jZTnCbSvTYHW3w0rAzV1MA==",
      "dependencies": {
        "discord-api-types": "^0.37.41"
      },
      "engines": {
        "node": ">=16.9.0"
      }
    },
    "node_modules/@discordjs/voice": {
      "version": "0.14.0",
      "resolved": "https://registry.npmjs.org/@discordjs/voice/-/voice-0.14.0.tgz",
      "integrity": "sha512-/LV8LSFuJ1c4OEW1ubPg3al2QNpUpwX8ZL+KL+LORmnUFVCtehSaEh+38uDfWg1O/TgiGI5vOLj4ZKql43drcw==",
      "dependencies": {
        "@types/ws": "^8.5.3",
        "discord-api-types": "^0.37.20",
        "prism-media": "^1.3.4",
        "tslib": "^2.4.1",
        "ws": "^8.11.0"
      },
      "engines": {
        "node": ">=16.9.0"
      }
    },
    "node_modules/@sapphire/async-queue": {
      "version": "1.5.0",
      "resolved": "https://registry.npmjs.org/@sapphire/async-queue/-/async-queue-1.5.0.tgz",
      "integrity": "sha512-JkLdIsP8fPAdh9ZZjrbHWR/+mZj0wvKS5ICibcLrRI1j84UmLMshx5n9QmL8b95d4onJ2xxiyugTgSAX7AalmA==",
      "engines": {
        "node": ">=v14.0.0",
        "npm": ">=7.0.0"
      }
    },
    "node_modules/@sapphire/shapeshift": {
      "version": "3.9.2",
      "resolved": "https://registry.npmjs.org/@sapphire/shapeshift/-/shapeshift-3.9.2.tgz",
      "integrity": "sha512-YRbCXWy969oGIdqR/wha62eX8GNHsvyYi0Rfd4rNW6tSVVa8p0ELiMEuOH/k8rgtvRoM+EMV7Csqz77YdwiDpA==",
      "dependencies": {
        "fast-deep-equal": "^3.1.3",
        "lodash": "^4.17.21"
      },
      "engines": {
        "node": ">=v14.0.0",
        "npm": ">=7.0.0"
      }
    },
    "node_modules/@types/node": {
      "version": "20.4.5",
      "resolved": "https://registry.npmjs.org/@types/node/-/node-20.4.5.tgz",
      "integrity": "sha512-rt40Nk13II9JwQBdeYqmbn2Q6IVTA5uPhvSO+JVqdXw/6/4glI6oR9ezty/A9Hg5u7JH4OmYmuQ+XvjKm0Datg=="
    },
    "node_modules/@types/node-fetch": {
      "version": "2.6.4",
      "resolved": "https://registry.npmjs.org/@types/node-fetch/-/node-fetch-2.6.4.tgz",
      "integrity": "sha512-1ZX9fcN4Rvkvgv4E6PAY5WXUFWFcRWxZa3EW83UjycOB9ljJCedb2CupIP4RZMEwF/M3eTcCihbBRgwtGbg5Rg==",
      "dependencies": {
        "@types/node": "*",
        "form-data": "^3.0.0"
      }
    },
    "node_modules/@types/ws": {
      "version": "8.5.5",
      "resolved": "https://registry.npmjs.org/@types/ws/-/ws-8.5.5.tgz",
      "integrity": "sha512-lwhs8hktwxSjf9UaZ9tG5M03PGogvFaH8gUgLNbN9HKIg0dvv6q+gkSuJ8HN4/VbyxkuLzCjlN7GquQ0gUJfIg==",
      "dependencies": {
        "@types/node": "*"
      }
    },
    "node_modules/abort-controller": {
      "version": "3.0.0",
      "resolved": "https://registry.npmjs.org/abort-controller/-/abort-controller-3.0.0.tgz",
      "integrity": "sha512-h8lQ8tacZYnR3vNQTgibj+tODHI5/+l06Au2Pcriv/Gmet0eaj4TwWH41sO9wnHDiQsEj19q0drzdWdeAHtweg==",
      "dependencies": {
        "event-target-shim": "^5.0.0"
      },
      "engines": {
        "node": ">=6.5"
      }
    },
    "node_modules/ansi-styles": {
      "version": "4.3.0",
      "resolved": "https://registry.npmjs.org/ansi-styles/-/ansi-styles-4.3.0.tgz",
      "integrity": "sha512-zbB9rCJAT1rbjiVDb2hqKFHNYLxgtk8NURxZ3IZwD3F6NtxbXZQCnnSi1Lkx+IDohdPlFp222wVALIheZJQSEg==",
      "dependencies": {
        "color-convert": "^2.0.1"
      },
      "engines": {
        "node": ">=8"
      },
      "funding": {
        "url": "https://github.com/chalk/ansi-styles?sponsor=1"
      }
    },
    "node_modules/asynckit": {
      "version": "0.4.0",
      "resolved": "https://registry.npmjs.org/asynckit/-/asynckit-0.4.0.tgz",
      "integrity": "sha512-Oei9OH4tRh0YqU3GxhX79dM/mwVgvbZJaSNaRk+bshkj0S5cfHcgYakreBjrHwatXKbz+IoIdYLxrKim2MjW0Q=="
    },
    "node_modules/bignumber.js": {
      "version": "9.1.1",
      "resolved": "https://registry.npmjs.org/bignumber.js/-/bignumber.js-9.1.1.tgz",
      "integrity": "sha512-pHm4LsMJ6lzgNGVfZHjMoO8sdoRhOzOH4MLmY65Jg70bpxCKu5iOHNJyfF6OyvYw7t8Fpf35RuzUyqnQsj8Vig==",
      "engines": {
        "node": "*"
      }
    },
    "node_modules/chalk": {
      "version": "4.1.2",
      "resolved": "https://registry.npmjs.org/chalk/-/chalk-4.1.2.tgz",
      "integrity": "sha512-oKnbhFyRIXpUuez8iBMmyEa4nbj4IOQyuhc/wy9kY7/WVPcwIO9VA668Pu8RkO7+0G76SLROeyw9CpQ061i4mA==",
      "dependencies": {
        "ansi-styles": "^4.1.0",
        "supports-color": "^7.1.0"
      },
      "engines": {
        "node": ">=10"
      },
      "funding": {
        "url": "https://github.com/chalk/chalk?sponsor=1"
      }
    },
    "node_modules/color-convert": {
      "version": "2.0.1",
      "resolved": "https://registry.npmjs.org/color-convert/-/color-convert-2.0.1.tgz",
      "integrity": "sha512-RRECPsj7iu/xb5oKYcsFHSppFNnsj/52OVTRKb4zP5onXwVF3zVmmToNcOfGC+CRDpfK/U584fMg38ZHCaElKQ==",
      "dependencies": {
        "color-name": "~1.1.4"
      },
      "engines": {
        "node": ">=7.0.0"
      }
    },
    "node_modules/color-name": {
      "version": "1.1.4",
      "resolved": "https://registry.npmjs.org/color-name/-/color-name-1.1.4.tgz",
      "integrity": "sha512-dOy+3AuW3a2wNbZHIuMZpTcgjGuLU/uBL/ubcZF9OXbDo8ff4O8yVp5Bf0efS8uEoYo5q4Fx7dY9OgQGXgAsQA=="
    },
    "node_modules/combined-stream": {
      "version": "1.0.8",
      "resolved": "https://registry.npmjs.org/combined-stream/-/combined-stream-1.0.8.tgz",
      "integrity": "sha512-FQN4MRfuJeHf7cBbBMJFXhKSDq+2kAArBlmRBvcvFE5BB1HZKXtSFASDhdlz9zOYwxh8lDdnvmMOe/+5cdoEdg==",
      "dependencies": {
        "delayed-stream": "~1.0.0"
      },
      "engines": {
        "node": ">= 0.8"
      }
    },
    "node_modules/croxydb": {
      "version": "0.0.7",
      "resolved": "https://registry.npmjs.org/croxydb/-/croxydb-0.0.7.tgz",
      "integrity": "sha512-Mjp0mnxT8DLtxQZogGDLBq+f1swu0UJqK4Xw4hN5T4RoA8HvPKCs0GmA6EapETrVW2e1hPOX2YMvKZr426yu4w=="
    },
    "node_modules/delayed-stream": {
      "version": "1.0.0",
      "resolved": "https://registry.npmjs.org/delayed-stream/-/delayed-stream-1.0.0.tgz",
      "integrity": "sha512-ZySD7Nf91aLB0RxL4KGrKHBXl7Eds1DAmEdcoVawXnLD7SDhpNgtuII2aAkg7a7QS41jxPSZ17p4VdGnMHk3MQ==",
      "engines": {
        "node": ">=0.4.0"
      }
    },
    "node_modules/discord-api-types": {
      "version": "0.37.50",
      "resolved": "https://registry.npmjs.org/discord-api-types/-/discord-api-types-0.37.50.tgz",
      "integrity": "sha512-X4CDiMnDbA3s3RaUXWXmgAIbY1uxab3fqe3qwzg5XutR3wjqi7M3IkgQbsIBzpqBN2YWr/Qdv7JrFRqSgb4TFg=="
    },
    "node_modules/discord.js": {
      "version": "13.16.0",
      "resolved": "https://registry.npmjs.org/discord.js/-/discord.js-13.16.0.tgz",
      "integrity": "sha512-bOoCs1Ilojd/UshZVxmEcpxVmHcYOv2fPVZOVq3aFV8xrKLJfaF9mxlvGZ1D1z9aIqf2NkptDr+QndeNuQBTxQ==",
      "dependencies": {
        "@discordjs/builders": "^0.16.0",
        "@discordjs/collection": "^0.7.0",
        "@sapphire/async-queue": "^1.5.0",
        "@types/node-fetch": "^2.6.3",
        "@types/ws": "^8.5.4",
        "discord-api-types": "^0.33.5",
        "form-data": "^4.0.0",
        "node-fetch": "^2.6.7",
        "ws": "^8.13.0"
      },
      "engines": {
        "node": ">=16.6.0",
        "npm": ">=7.0.0"
      }
    },
    "node_modules/discord.js-selfbot": {
      "version": "12.0.2",
      "resolved": "https://registry.npmjs.org/discord.js-selfbot/-/discord.js-selfbot-12.0.2.tgz",
      "integrity": "sha512-JMuocq5T4mmIjI+cWtWCURK2a4Q1OwugW9A443J99D3PEtbNdS5CB89dZEQtyna33wudqvyuvXNDy+veyY343w==",
      "deprecated": "Package no longer supported. Contact Support at https://www.npmjs.com/support for more info.",
      "dependencies": {
        "@discordjs/collection": "^0.1.5",
        "abort-controller": "^3.0.0",
        "form-data": "^3.0.0",
        "node-fetch": "^2.6.0",
        "prism-media": "^1.2.0",
        "setimmediate": "^1.0.5",
        "tweetnacl": "^1.0.3",
        "ws": "^7.2.1"
      },
      "engines": {
        "node": ">=12.0.0"
      },
      "peerDependencies": {
        "bufferutil": "^4.0.1",
        "erlpack": "discordapp/erlpack",
        "libsodium-wrappers": "^0.7.6",
        "sodium": "^3.0.2",
        "utf-8-validate": "^5.0.2",
        "zlib-sync": "^0.1.6"
      },
      "peerDependenciesMeta": {
        "bufferutil": {
          "optional": true
        },
        "erlpack": {
          "optional": true
        },
        "libsodium-wrappers": {
          "optional": true
        },
        "sodium": {
          "optional": true
        },
        "utf-8-validate": {
          "optional": true
        },
        "zlib-sync": {
          "optional": true
        }
      }
    },
    "node_modules/discord.js-selfbot-rpc": {
      "version": "1.0.1",
      "resolved": "https://registry.npmjs.org/discord.js-selfbot-rpc/-/discord.js-selfbot-rpc-1.0.1.tgz",
      "integrity": "sha512-cEvEjgxXKmK3tcXnVCj3RPvZ45lAoSarXXLcz6RDcHE6pinX0pdBZ4jfEK3Qkh7pjes25gDnO3g91Vg6YnrHRQ=="
    },
    "node_modules/discord.js-selfbot-v13": {
      "version": "2.14.9",
      "resolved": "https://registry.npmjs.org/discord.js-selfbot-v13/-/discord.js-selfbot-v13-2.14.9.tgz",
      "integrity": "sha512-1u9/R9ER83owsHfNiReEXxu5UXh+ufgV63hWqaxsEf8m9Sv3cXa31Ktjc0VTwzbwri4V8YR49eiAWTbK+cRSgA==",
      "dependencies": {
        "@aikochan2k6/qrcode-terminal": "^0.12.1",
        "@discordjs/builders": "^1.6.3",
        "@discordjs/collection": "^1.5.1",
        "@discordjs/voice": "^0.16.0",
        "@sapphire/async-queue": "^1.5.0",
        "@sapphire/shapeshift": "^3.9.2",
        "@types/node-fetch": "^2.6.4",
        "@types/ws": "^8.5.5",
        "chalk": "^4.1.2",
        "discord-api-types": "^0.37.49",
        "fetch-cookie": "^2.1.0",
        "form-data": "^4.0.0",
        "json-bigint": "^1.0.0",
        "lodash.permutations": "^1.0.0",
        "node-fetch": "^2.6.9",
        "safe-base64": "^2.0.1-0",
        "string_decoder": "^1.3.0",
        "string-similarity": "^4.0.4",
        "tough-cookie": "^4.1.3",
        "ws": "^8.13.0"
      },
      "engines": {
        "node": ">=16.6.0",
        "npm": ">=7.0.0"
      }
    },
    "node_modules/discord.js-selfbot-v13/node_modules/@discordjs/builders": {
      "version": "1.6.4",
      "resolved": "https://registry.npmjs.org/@discordjs/builders/-/builders-1.6.4.tgz",
      "integrity": "sha512-ARFKvmAkLhfkQQiNxqi0YIWqwUExvBRtvdtMFVJXvJoibsGkFrB/DWTf9byU7BTVUfsmW8w7NM55tYXR5S/iSg==",
      "dependencies": {
        "@discordjs/formatters": "^0.3.1",
        "@discordjs/util": "^1.0.0",
        "@sapphire/shapeshift": "^3.9.2",
        "discord-api-types": "^0.37.50",
        "fast-deep-equal": "^3.1.3",
        "ts-mixer": "^6.0.3",
        "tslib": "^2.6.1"
      },
      "engines": {
        "node": ">=16.9.0"
      }
    },
    "node_modules/discord.js-selfbot-v13/node_modules/@discordjs/util": {
      "version": "1.0.0",
      "resolved": "https://registry.npmjs.org/@discordjs/util/-/util-1.0.0.tgz",
      "integrity": "sha512-U2Iiab0mo8cFe+o4ZY4GROoAetGjFYA1PhhxiXEW82LuPUjOU/seHZDtVjDpOf6n3rz4IRm84wNtgHdpqRY5CA==",
      "engines": {
        "node": ">=16.9.0"
      }
    },
    "node_modules/discord.js-selfbot-v13/node_modules/@discordjs/voice": {
      "version": "0.16.0",
      "resolved": "https://registry.npmjs.org/@discordjs/voice/-/voice-0.16.0.tgz",
      "integrity": "sha512-ToGCvHD1cBscuW3p+C7zOF5+L7MJmU4GjdOARfNk9mkHyFFZq4grK+Sxr3QXKbp27DtfDBc9uqD4GUOYgxngfA==",
      "dependencies": {
        "@types/ws": "^8.5.4",
        "discord-api-types": "^0.37.37",
        "prism-media": "^1.3.5",
        "tslib": "^2.5.0",
        "ws": "^8.13.0"
      },
      "engines": {
        "node": ">=16.9.0"
      }
    },
    "node_modules/discord.js-selfbot-v13/node_modules/form-data": {
      "version": "4.0.0",
      "resolved": "https://registry.npmjs.org/form-data/-/form-data-4.0.0.tgz",
      "integrity": "sha512-ETEklSGi5t0QMZuiXoA/Q6vcnxcLQP5vdugSpuAyi6SVGi2clPPp+xgEhuMaHC+zGgn31Kd235W35f7Hykkaww==",
      "dependencies": {
        "asynckit": "^0.4.0",
        "combined-stream": "^1.0.8",
        "mime-types": "^2.1.12"
      },
      "engines": {
        "node": ">= 6"
      }
    },
    "node_modules/discord.js-selfbot/node_modules/@discordjs/collection": {
      "version": "0.1.6",
      "resolved": "https://registry.npmjs.org/@discordjs/collection/-/collection-0.1.6.tgz",
      "integrity": "sha512-utRNxnd9kSS2qhyivo9lMlt5qgAUasH2gb7BEOn6p0efFh24gjGomHzWKMAPn2hEReOPQZCJaRKoURwRotKucQ==",
      "deprecated": "no longer supported"
    },
    "node_modules/discord.js-selfbot/node_modules/ws": {
      "version": "7.5.9",
      "resolved": "https://registry.npmjs.org/ws/-/ws-7.5.9.tgz",
      "integrity": "sha512-F+P9Jil7UiSKSkppIiD94dN07AwvFixvLIj1Og1Rl9GGMuNipJnV9JzjD6XuqmAeiswGvUmNLjr5cFuXwNS77Q==",
      "engines": {
        "node": ">=8.3.0"
      },
      "peerDependencies": {
        "bufferutil": "^4.0.1",
        "utf-8-validate": "^5.0.2"
      },
      "peerDependenciesMeta": {
        "bufferutil": {
          "optional": true
        },
        "utf-8-validate": {
          "optional": true
        }
      }
    },
    "node_modules/discord.js/node_modules/@discordjs/collection": {
      "version": "0.7.0",
      "resolved": "https://registry.npmjs.org/@discordjs/collection/-/collection-0.7.0.tgz",
      "integrity": "sha512-R5i8Wb8kIcBAFEPLLf7LVBQKBDYUL+ekb23sOgpkpyGT+V4P7V83wTxcsqmX+PbqHt4cEHn053uMWfRqh/Z/nA==",
      "deprecated": "no longer supported",
      "engines": {
        "node": ">=16.9.0"
      }
    },
    "node_modules/discord.js/node_modules/discord-api-types": {
      "version": "0.33.5",
      "resolved": "https://registry.npmjs.org/discord-api-types/-/discord-api-types-0.33.5.tgz",
      "integrity": "sha512-dvO5M52v7m7Dy96+XUnzXNsQ/0npsYpU6dL205kAtEDueswoz3aU3bh1UMoK4cQmcGtB1YRyLKqp+DXi05lzFg=="
    },
    "node_modules/discord.js/node_modules/form-data": {
      "version": "4.0.0",
      "resolved": "https://registry.npmjs.org/form-data/-/form-data-4.0.0.tgz",
      "integrity": "sha512-ETEklSGi5t0QMZuiXoA/Q6vcnxcLQP5vdugSpuAyi6SVGi2clPPp+xgEhuMaHC+zGgn31Kd235W35f7Hykkaww==",
      "dependencies": {
        "asynckit": "^0.4.0",
        "combined-stream": "^1.0.8",
        "mime-types": "^2.1.12"
      },
      "engines": {
        "node": ">= 6"
      }
    },
    "node_modules/dotenv": {
      "version": "16.3.1",
      "resolved": "https://registry.npmjs.org/dotenv/-/dotenv-16.3.1.tgz",
      "integrity": "sha512-IPzF4w4/Rd94bA9imS68tZBaYyBWSCE47V1RGuMrB94iyTOIEwRmVL2x/4An+6mETpLrKJ5hQkB8W4kFAadeIQ==",
      "engines": {
        "node": ">=12"
      },
      "funding": {
        "url": "https://github.com/motdotla/dotenv?sponsor=1"
      }
    },
    "node_modules/event-target-shim": {
      "version": "5.0.1",
      "resolved": "https://registry.npmjs.org/event-target-shim/-/event-target-shim-5.0.1.tgz",
      "integrity": "sha512-i/2XbnSz/uxRCU6+NdVJgKWDTM427+MqYbkQzD321DuCQJUqOuJKIA0IM2+W2xtYHdKOmZ4dR6fExsd4SXL+WQ==",
      "engines": {
        "node": ">=6"
      }
    },
    "node_modules/fast-deep-equal": {
      "version": "3.1.3",
      "resolved": "https://registry.npmjs.org/fast-deep-equal/-/fast-deep-equal-3.1.3.tgz",
      "integrity": "sha512-f3qQ9oQy9j2AhBe/H9VC91wLmKBCCU/gDOnKNAYG5hswO7BLKj09Hc5HYNz9cGI++xlpDCIgDaitVs03ATR84Q=="
    },
    "node_modules/fetch-cookie": {
      "version": "2.1.0",
      "resolved": "https://registry.npmjs.org/fetch-cookie/-/fetch-cookie-2.1.0.tgz",
      "integrity": "sha512-39+cZRbWfbibmj22R2Jy6dmTbAWC+oqun1f1FzQaNurkPDUP4C38jpeZbiXCR88RKRVDp8UcDrbFXkNhN+NjYg==",
      "dependencies": {
        "set-cookie-parser": "^2.4.8",
        "tough-cookie": "^4.0.0"
      }
    },
    "node_modules/form-data": {
      "version": "3.0.1",
      "resolved": "https://registry.npmjs.org/form-data/-/form-data-3.0.1.tgz",
      "integrity": "sha512-RHkBKtLWUVwd7SqRIvCZMEvAMoGUp0XU+seQiZejj0COz3RI3hWP4sCv3gZWWLjJTd7rGwcsF5eKZGii0r/hbg==",
      "dependencies": {
        "asynckit": "^0.4.0",
        "combined-stream": "^1.0.8",
        "mime-types": "^2.1.12"
      },
      "engines": {
        "node": ">= 6"
      }
    },
    "node_modules/has-flag": {
      "version": "4.0.0",
      "resolved": "https://registry.npmjs.org/has-flag/-/has-flag-4.0.0.tgz",
      "integrity": "sha512-EykJT/Q1KjTWctppgIAgfSO0tKVuZUjhgMr17kqTumMl6Afv3EISleU7qZUzoXDFTAHTDC4NOoG/ZxU3EvlMPQ==",
      "engines": {
        "node": ">=8"
      }
    },
    "node_modules/json-bigint": {
      "version": "1.0.0",
      "resolved": "https://registry.npmjs.org/json-bigint/-/json-bigint-1.0.0.tgz",
      "integrity": "sha512-SiPv/8VpZuWbvLSMtTDU8hEfrZWg/mH/nV/b4o0CYbSxu1UIQPLdwKOCIyLQX+VIPO5vrLX3i8qtqFyhdPSUSQ==",
      "dependencies": {
        "bignumber.js": "^9.0.0"
      }
    },
    "node_modules/lodash": {
      "version": "4.17.21",
      "resolved": "https://registry.npmjs.org/lodash/-/lodash-4.17.21.tgz",
      "integrity": "sha512-v2kDEe57lecTulaDIuNTPy3Ry4gLGJ6Z1O3vE1krgXZNrsQ+LFTGHVxVjcXPs17LhbZVGedAJv8XZ1tvj5FvSg=="
    },
    "node_modules/lodash.permutations": {
      "version": "1.0.0",
      "resolved": "https://registry.npmjs.org/lodash.permutations/-/lodash.permutations-1.0.0.tgz",
      "integrity": "sha512-0hFwfPb1V63YefDRGyR3iLDwdOEiNwxb1E3QQfGfytwha9wxb8ZRI1TrIAUPBG/GRGs51ctYvsNWrp+slXC9pw==",
      "peerDependencies": {
        "lodash": "^4.0.0"
      }
    },
    "node_modules/mime-db": {
      "version": "1.52.0",
      "resolved": "https://registry.npmjs.org/mime-db/-/mime-db-1.52.0.tgz",
      "integrity": "sha512-sPU4uV7dYlvtWJxwwxHD0PuihVNiE7TyAbQ5SWxDCB9mUYvOgroQOwYQQOKPJ8CIbE+1ETVlOoK1UC2nU3gYvg==",
      "engines": {
        "node": ">= 0.6"
      }
    },
    "node_modules/mime-types": {
      "version": "2.1.35",
      "resolved": "https://registry.npmjs.org/mime-types/-/mime-types-2.1.35.tgz",
      "integrity": "sha512-ZDY+bPm5zTTF+YpCrAU9nK0UgICYPT0QtT1NZWFv4s++TNkcgVaT0g6+4R2uI4MjQjzysHB1zxuWL50hzaeXiw==",
      "dependencies": {
        "mime-db": "1.52.0"
      },
      "engines": {
        "node": ">= 0.6"
      }
    },
    "node_modules/node-fetch": {
      "version": "2.6.12",
      "resolved": "https://registry.npmjs.org/node-fetch/-/node-fetch-2.6.12.tgz",
      "integrity": "sha512-C/fGU2E8ToujUivIO0H+tpQ6HWo4eEmchoPIoXtxCrVghxdKq+QOHqEZW7tuP3KlV3bC8FRMO5nMCC7Zm1VP6g==",
      "dependencies": {
        "whatwg-url": "^5.0.0"
      },
      "engines": {
        "node": "4.x || >=6.0.0"
      },
      "peerDependencies": {
        "encoding": "^0.1.0"
      },
      "peerDependenciesMeta": {
        "encoding": {
          "optional": true
        }
      }
    },
    "node_modules/prism-media": {
      "version": "1.3.5",
      "resolved": "https://registry.npmjs.org/prism-media/-/prism-media-1.3.5.tgz",
      "integrity": "sha512-IQdl0Q01m4LrkN1EGIE9lphov5Hy7WWlH6ulf5QdGePLlPas9p2mhgddTEHrlaXYjjFToM1/rWuwF37VF4taaA==",
      "peerDependencies": {
        "@discordjs/opus": ">=0.8.0 <1.0.0",
        "ffmpeg-static": "^5.0.2 || ^4.2.7 || ^3.0.0 || ^2.4.0",
        "node-opus": "^0.3.3",
        "opusscript": "^0.0.8"
      },
      "peerDependenciesMeta": {
        "@discordjs/opus": {
          "optional": true
        },
        "ffmpeg-static": {
          "optional": true
        },
        "node-opus": {
          "optional": true
        },
        "opusscript": {
          "optional": true
        }
      }
    },
    "node_modules/psl": {
      "version": "1.9.0",
      "resolved": "https://registry.npmjs.org/psl/-/psl-1.9.0.tgz",
      "integrity": "sha512-E/ZsdU4HLs/68gYzgGTkMicWTLPdAftJLfJFlLUAAKZGkStNU72sZjT66SnMDVOfOWY/YAoiD7Jxa9iHvngcag=="
    },
    "node_modules/punycode": {
      "version": "2.3.0",
      "resolved": "https://registry.npmjs.org/punycode/-/punycode-2.3.0.tgz",
      "integrity": "sha512-rRV+zQD8tVFys26lAGR9WUuS4iUAngJScM+ZRSKtvl5tKeZ2t5bvdNFdNHBW9FWR4guGHlgmsZ1G7BSm2wTbuA==",
      "engines": {
        "node": ">=6"
      }
    },
    "node_modules/querystringify": {
      "version": "2.2.0",
      "resolved": "https://registry.npmjs.org/querystringify/-/querystringify-2.2.0.tgz",
      "integrity": "sha512-FIqgj2EUvTa7R50u0rGsyTftzjYmv/a3hO345bZNrqabNqjtgiDMgmo4mkUjd+nzU5oF3dClKqFIPUKybUyqoQ=="
    },
    "node_modules/requires-port": {
      "version": "1.0.0",
      "resolved": "https://registry.npmjs.org/requires-port/-/requires-port-1.0.0.tgz",
      "integrity": "sha512-KigOCHcocU3XODJxsu8i/j8T9tzT4adHiecwORRQ0ZZFcp7ahwXuRU1m+yuO90C5ZUyGeGfocHDI14M3L3yDAQ=="
    },
    "node_modules/safe-base64": {
      "version": "2.0.1-0",
      "resolved": "https://registry.npmjs.org/safe-base64/-/safe-base64-2.0.1-0.tgz",
      "integrity": "sha512-ZoFf0RRp5NpNkgupFq3oILwFC5wzR8TD+U9WbWAMk4iryuBvyOP/p8nrc5qtDFlqHxL8rwbr/t+rRjsIYZsJrg=="
    },
    "node_modules/safe-buffer": {
      "version": "5.2.1",
      "resolved": "https://registry.npmjs.org/safe-buffer/-/safe-buffer-5.2.1.tgz",
      "integrity": "sha512-rp3So07KcdmmKbGvgaNxQSJr7bGVSVk5S9Eq1F+ppbRo70+YeaDxkw5Dd8NPN+GD6bjnYm2VuPuCXmpuYvmCXQ==",
      "funding": [
        {
          "type": "github",
          "url": "https://github.com/sponsors/feross"
        },
        {
          "type": "patreon",
          "url": "https://www.patreon.com/feross"
        },
        {
          "type": "consulting",
          "url": "https://feross.org/support"
        }
      ]
    },
    "node_modules/selfbot": {
      "version": "2.0.0",
      "resolved": "https://registry.npmjs.org/selfbot/-/selfbot-2.0.0.tgz",
      "integrity": "sha512-zYzvVIfe5YEkD41WskQcP7d7AbR/7D+Tm6AN1TNFXreUU6KXgYcICoN4f+ovpoT/mMxifo6ORm3xs5PrxOTH2A==",
      "deprecated": "Package no longer supported. Contact support@npmjs.com for more info."
    },
    "node_modules/set-cookie-parser": {
      "version": "2.6.0",
      "resolved": "https://registry.npmjs.org/set-cookie-parser/-/set-cookie-parser-2.6.0.tgz",
      "integrity": "sha512-RVnVQxTXuerk653XfuliOxBP81Sf0+qfQE73LIYKcyMYHG94AuH0kgrQpRDuTZnSmjpysHmzxJXKNfa6PjFhyQ=="
    },
    "node_modules/setimmediate": {
      "version": "1.0.5",
      "resolved": "https://registry.npmjs.org/setimmediate/-/setimmediate-1.0.5.tgz",
      "integrity": "sha512-MATJdZp8sLqDl/68LfQmbP8zKPLQNV6BIZoIgrscFDQ+RsvK/BxeDQOgyxKKoh0y/8h3BqVFnCqQ/gd+reiIXA=="
    },
    "node_modules/string_decoder": {
      "version": "1.3.0",
      "resolved": "https://registry.npmjs.org/string_decoder/-/string_decoder-1.3.0.tgz",
      "integrity": "sha512-hkRX8U1WjJFd8LsDJ2yQ/wWWxaopEsABU1XfkM8A+j0+85JAGppt16cr1Whg6KIbb4okU6Mql6BOj+uup/wKeA==",
      "dependencies": {
        "safe-buffer": "~5.2.0"
      }
    },
    "node_modules/string-similarity": {
      "version": "4.0.4",
      "resolved": "https://registry.npmjs.org/string-similarity/-/string-similarity-4.0.4.tgz",
      "integrity": "sha512-/q/8Q4Bl4ZKAPjj8WerIBJWALKkaPRfrvhfF8k/B23i4nzrlRj2/go1m90In7nG/3XDSbOo0+pu6RvCTM9RGMQ==",
      "deprecated": "Package no longer supported. Contact Support at https://www.npmjs.com/support for more info."
    },
    "node_modules/supports-color": {
      "version": "7.2.0",
      "resolved": "https://registry.npmjs.org/supports-color/-/supports-color-7.2.0.tgz",
      "integrity": "sha512-qpCAvRl9stuOHveKsn7HncJRvv501qIacKzQlO/+Lwxc9+0q2wLyv4Dfvt80/DPn2pqOBsJdDiogXGR9+OvwRw==",
      "dependencies": {
        "has-flag": "^4.0.0"
      },
      "engines": {
        "node": ">=8"
      }
    },
    "node_modules/tough-cookie": {
      "version": "4.1.3",
      "resolved": "https://registry.npmjs.org/tough-cookie/-/tough-cookie-4.1.3.tgz",
      "integrity": "sha512-aX/y5pVRkfRnfmuX+OdbSdXvPe6ieKX/G2s7e98f4poJHnqH3281gDPm/metm6E/WRamfx7WC4HUqkWHfQHprw==",
      "dependencies": {
        "psl": "^1.1.33",
        "punycode": "^2.1.1",
        "universalify": "^0.2.0",
        "url-parse": "^1.5.3"
      },
      "engines": {
        "node": ">=6"
      }
    },
    "node_modules/tr46": {
      "version": "0.0.3",
      "resolved": "https://registry.npmjs.org/tr46/-/tr46-0.0.3.tgz",
      "integrity": "sha512-N3WMsuqV66lT30CrXNbEjx4GEwlow3v6rr4mCcv6prnfwhS01rkgyFdjPNBYd9br7LpXV1+Emh01fHnq2Gdgrw=="
    },
    "node_modules/ts-mixer": {
      "version": "6.0.3",
      "resolved": "https://registry.npmjs.org/ts-mixer/-/ts-mixer-6.0.3.tgz",
      "integrity": "sha512-k43M7uCG1AkTyxgnmI5MPwKoUvS/bRvLvUb7+Pgpdlmok8AoqmUaZxUUw8zKM5B1lqZrt41GjYgnvAi0fppqgQ=="
    },
    "node_modules/tslib": {
      "version": "2.6.1",
      "resolved": "https://registry.npmjs.org/tslib/-/tslib-2.6.1.tgz",
      "integrity": "sha512-t0hLfiEKfMUoqhG+U1oid7Pva4bbDPHYfJNiB7BiIjRkj1pyC++4N3huJfqY6aRH6VTB0rvtzQwjM4K6qpfOig=="
    },
    "node_modules/tweetnacl": {
      "version": "1.0.3",
      "resolved": "https://registry.npmjs.org/tweetnacl/-/tweetnacl-1.0.3.tgz",
      "integrity": "sha512-6rt+RN7aOi1nGMyC4Xa5DdYiukl2UWCbcJft7YhxReBGQD7OAM8Pbxw6YMo4r2diNEA8FEmu32YOn9rhaiE5yw=="
    },
    "node_modules/universalify": {
      "version": "0.2.0",
      "resolved": "https://registry.npmjs.org/universalify/-/universalify-0.2.0.tgz",
      "integrity": "sha512-CJ1QgKmNg3CwvAv/kOFmtnEN05f0D/cn9QntgNOQlQF9dgvVTHj3t+8JPdjqawCHk7V/KA+fbUqzZ9XWhcqPUg==",
      "engines": {
        "node": ">= 4.0.0"
      }
    },
    "node_modules/url-parse": {
      "version": "1.5.10",
      "resolved": "https://registry.npmjs.org/url-parse/-/url-parse-1.5.10.tgz",
      "integrity": "sha512-WypcfiRhfeUP9vvF0j6rw0J3hrWrw6iZv3+22h6iRMJ/8z1Tj6XfLP4DsUix5MhMPnXpiHDoKyoZ/bdCkwBCiQ==",
      "dependencies": {
        "querystringify": "^2.1.1",
        "requires-port": "^1.0.0"
      }
    },
    "node_modules/webidl-conversions": {
      "version": "3.0.1",
      "resolved": "https://registry.npmjs.org/webidl-conversions/-/webidl-conversions-3.0.1.tgz",
      "integrity": "sha512-2JAn3z8AR6rjK8Sm8orRC0h/bcl/DqL7tRPdGZ4I1CjdF+EaMLmYxBHyXuKL849eucPFhvBoxMsflfOb8kxaeQ=="
    },
    "node_modules/whatwg-url": {
      "version": "5.0.0",
      "resolved": "https://registry.npmjs.org/whatwg-url/-/whatwg-url-5.0.0.tgz",
      "integrity": "sha512-saE57nupxk6v3HY35+jzBwYa0rKSy0XR8JSxZPwgLr7ys0IBzhGviA1/TUGJLmSVqs8pb9AnvICXEuOHLprYTw==",
      "dependencies": {
        "tr46": "~0.0.3",
        "webidl-conversions": "^3.0.0"
      }
    },
    "node_modules/ws": {
      "version": "8.13.0",
      "resolved": "https://registry.npmjs.org/ws/-/ws-8.13.0.tgz",
      "integrity": "sha512-x9vcZYTrFPC7aSIbj7sRCYo7L/Xb8Iy+pW0ng0wt2vCJv7M9HOMy0UoN3rr+IFC7hb7vXoqS+P9ktyLLLhO+LA==",
      "engines": {
        "node": ">=10.0.0"
      },
      "peerDependencies": {
        "bufferutil": "^4.0.1",
        "utf-8-validate": ">=5.0.2"
      },
      "peerDependenciesMeta": {
        "bufferutil": {
          "optional": true
        },
        "utf-8-validate": {
          "optional": true
        }
      }
    }
  },
  "dependencies": {
    "@aikochan2k6/qrcode-terminal": {
      "version": "0.12.1",
      "resolved": "https://registry.npmjs.org/@aikochan2k6/qrcode-terminal/-/qrcode-terminal-0.12.1.tgz",
      "integrity": "sha512-GfSrCCqKti0XyomCOaFRL//dnEpDux4tJleywuYChjHue+pqjM0lP39cQq8qtmfcOm1CqhWQeB6JS6kY4tQ8Tw=="
    },
    "@discordjs/builders": {
      "version": "0.16.0",
      "resolved": "https://registry.npmjs.org/@discordjs/builders/-/builders-0.16.0.tgz",
      "integrity": "sha512-9/NCiZrLivgRub2/kBc0Vm5pMBE5AUdYbdXsLu/yg9ANgvnaJ0bZKTY8yYnLbsEc/LYUP79lEIdC73qEYhWq7A==",
      "requires": {
        "@sapphire/shapeshift": "^3.5.1",
        "discord-api-types": "^0.36.2",
        "fast-deep-equal": "^3.1.3",
        "ts-mixer": "^6.0.1",
        "tslib": "^2.4.0"
      },
      "dependencies": {
        "discord-api-types": {
          "version": "0.36.3",
          "resolved": "https://registry.npmjs.org/discord-api-types/-/discord-api-types-0.36.3.tgz",
          "integrity": "sha512-bz/NDyG0KBo/tY14vSkrwQ/n3HKPf87a0WFW/1M9+tXYK+vp5Z5EksawfCWo2zkAc6o7CClc0eff1Pjrqznlwg=="
        }
      }
    },
    "@discordjs/collection": {
      "version": "1.5.2",
      "resolved": "https://registry.npmjs.org/@discordjs/collection/-/collection-1.5.2.tgz",
      "integrity": "sha512-LDplPy8SPbc8MYkuCdnLRGWqygAX97E8NH7gA9uz+NZ/hXknUKJHuxsOmhC6pmHnF9Zmg0kvfwrDjGsRIljt9g=="
    },
    "@discordjs/formatters": {
      "version": "0.3.1",
      "resolved": "https://registry.npmjs.org/@discordjs/formatters/-/formatters-0.3.1.tgz",
      "integrity": "sha512-M7X4IGiSeh4znwcRGcs+49B5tBkNDn4k5bmhxJDAUhRxRHTiFAOTVUNQ6yAKySu5jZTnCbSvTYHW3w0rAzV1MA==",
      "requires": {
        "discord-api-types": "^0.37.41"
      }
    },
    "@discordjs/voice": {
      "version": "0.14.0",
      "resolved": "https://registry.npmjs.org/@discordjs/voice/-/voice-0.14.0.tgz",
      "integrity": "sha512-/LV8LSFuJ1c4OEW1ubPg3al2QNpUpwX8ZL+KL+LORmnUFVCtehSaEh+38uDfWg1O/TgiGI5vOLj4ZKql43drcw==",
      "requires": {
        "@types/ws": "^8.5.3",
        "discord-api-types": "^0.37.20",
        "prism-media": "^1.3.4",
        "tslib": "^2.4.1",
        "ws": "^8.11.0"
      }
    },
    "@sapphire/async-queue": {
      "version": "1.5.0",
      "resolved": "https://registry.npmjs.org/@sapphire/async-queue/-/async-queue-1.5.0.tgz",
      "integrity": "sha512-JkLdIsP8fPAdh9ZZjrbHWR/+mZj0wvKS5ICibcLrRI1j84UmLMshx5n9QmL8b95d4onJ2xxiyugTgSAX7AalmA=="
    },
    "@sapphire/shapeshift": {
      "version": "3.9.2",
      "resolved": "https://registry.npmjs.org/@sapphire/shapeshift/-/shapeshift-3.9.2.tgz",
      "integrity": "sha512-YRbCXWy969oGIdqR/wha62eX8GNHsvyYi0Rfd4rNW6tSVVa8p0ELiMEuOH/k8rgtvRoM+EMV7Csqz77YdwiDpA==",
      "requires": {
        "fast-deep-equal": "^3.1.3",
        "lodash": "^4.17.21"
      }
    },
    "@types/node": {
      "version": "20.4.5",
      "resolved": "https://registry.npmjs.org/@types/node/-/node-20.4.5.tgz",
      "integrity": "sha512-rt40Nk13II9JwQBdeYqmbn2Q6IVTA5uPhvSO+JVqdXw/6/4glI6oR9ezty/A9Hg5u7JH4OmYmuQ+XvjKm0Datg=="
    },
    "@types/node-fetch": {
      "version": "2.6.4",
      "resolved": "https://registry.npmjs.org/@types/node-fetch/-/node-fetch-2.6.4.tgz",
      "integrity": "sha512-1ZX9fcN4Rvkvgv4E6PAY5WXUFWFcRWxZa3EW83UjycOB9ljJCedb2CupIP4RZMEwF/M3eTcCihbBRgwtGbg5Rg==",
      "requires": {
        "@types/node": "*",
        "form-data": "^3.0.0"
      }
    },
    "@types/ws": {
      "version": "8.5.5",
      "resolved": "https://registry.npmjs.org/@types/ws/-/ws-8.5.5.tgz",
      "integrity": "sha512-lwhs8hktwxSjf9UaZ9tG5M03PGogvFaH8gUgLNbN9HKIg0dvv6q+gkSuJ8HN4/VbyxkuLzCjlN7GquQ0gUJfIg==",
      "requires": {
        "@types/node": "*"
      }
    },
    "abort-controller": {
      "version": "3.0.0",
      "resolved": "https://registry.npmjs.org/abort-controller/-/abort-controller-3.0.0.tgz",
      "integrity": "sha512-h8lQ8tacZYnR3vNQTgibj+tODHI5/+l06Au2Pcriv/Gmet0eaj4TwWH41sO9wnHDiQsEj19q0drzdWdeAHtweg==",
      "requires": {
        "event-target-shim": "^5.0.0"
      }
    },
    "ansi-styles": {
      "version": "4.3.0",
      "resolved": "https://registry.npmjs.org/ansi-styles/-/ansi-styles-4.3.0.tgz",
      "integrity": "sha512-zbB9rCJAT1rbjiVDb2hqKFHNYLxgtk8NURxZ3IZwD3F6NtxbXZQCnnSi1Lkx+IDohdPlFp222wVALIheZJQSEg==",
      "requires": {
        "color-convert": "^2.0.1"
      }
    },
    "asynckit": {
      "version": "0.4.0",
      "resolved": "https://registry.npmjs.org/asynckit/-/asynckit-0.4.0.tgz",
      "integrity": "sha512-Oei9OH4tRh0YqU3GxhX79dM/mwVgvbZJaSNaRk+bshkj0S5cfHcgYakreBjrHwatXKbz+IoIdYLxrKim2MjW0Q=="
    },
    "bignumber.js": {
      "version": "9.1.1",
      "resolved": "https://registry.npmjs.org/bignumber.js/-/bignumber.js-9.1.1.tgz",
      "integrity": "sha512-pHm4LsMJ6lzgNGVfZHjMoO8sdoRhOzOH4MLmY65Jg70bpxCKu5iOHNJyfF6OyvYw7t8Fpf35RuzUyqnQsj8Vig=="
    },
    "chalk": {
      "version": "4.1.2",
      "resolved": "https://registry.npmjs.org/chalk/-/chalk-4.1.2.tgz",
      "integrity": "sha512-oKnbhFyRIXpUuez8iBMmyEa4nbj4IOQyuhc/wy9kY7/WVPcwIO9VA668Pu8RkO7+0G76SLROeyw9CpQ061i4mA==",
      "requires": {
        "ansi-styles": "^4.1.0",
        "supports-color": "^7.1.0"
      }
    },
    "color-convert": {
      "version": "2.0.1",
      "resolved": "https://registry.npmjs.org/color-convert/-/color-convert-2.0.1.tgz",
      "integrity": "sha512-RRECPsj7iu/xb5oKYcsFHSppFNnsj/52OVTRKb4zP5onXwVF3zVmmToNcOfGC+CRDpfK/U584fMg38ZHCaElKQ==",
      "requires": {
        "color-name": "~1.1.4"
      }
    },
    "color-name": {
      "version": "1.1.4",
      "resolved": "https://registry.npmjs.org/color-name/-/color-name-1.1.4.tgz",
      "integrity": "sha512-dOy+3AuW3a2wNbZHIuMZpTcgjGuLU/uBL/ubcZF9OXbDo8ff4O8yVp5Bf0efS8uEoYo5q4Fx7dY9OgQGXgAsQA=="
    },
    "combined-stream": {
      "version": "1.0.8",
      "resolved": "https://registry.npmjs.org/combined-stream/-/combined-stream-1.0.8.tgz",
      "integrity": "sha512-FQN4MRfuJeHf7cBbBMJFXhKSDq+2kAArBlmRBvcvFE5BB1HZKXtSFASDhdlz9zOYwxh8lDdnvmMOe/+5cdoEdg==",
      "requires": {
        "delayed-stream": "~1.0.0"
      }
    },
    "croxydb": {
      "version": "0.0.7",
      "resolved": "https://registry.npmjs.org/croxydb/-/croxydb-0.0.7.tgz",
      "integrity": "sha512-Mjp0mnxT8DLtxQZogGDLBq+f1swu0UJqK4Xw4hN5T4RoA8HvPKCs0GmA6EapETrVW2e1hPOX2YMvKZr426yu4w=="
    },
    "delayed-stream": {
      "version": "1.0.0",
      "resolved": "https://registry.npmjs.org/delayed-stream/-/delayed-stream-1.0.0.tgz",
      "integrity": "sha512-ZySD7Nf91aLB0RxL4KGrKHBXl7Eds1DAmEdcoVawXnLD7SDhpNgtuII2aAkg7a7QS41jxPSZ17p4VdGnMHk3MQ=="
    },
    "discord-api-types": {
      "version": "0.37.50",
      "resolved": "https://registry.npmjs.org/discord-api-types/-/discord-api-types-0.37.50.tgz",
      "integrity": "sha512-X4CDiMnDbA3s3RaUXWXmgAIbY1uxab3fqe3qwzg5XutR3wjqi7M3IkgQbsIBzpqBN2YWr/Qdv7JrFRqSgb4TFg=="
    },
    "discord.js": {
      "version": "13.16.0",
      "resolved": "https://registry.npmjs.org/discord.js/-/discord.js-13.16.0.tgz",
      "integrity": "sha512-bOoCs1Ilojd/UshZVxmEcpxVmHcYOv2fPVZOVq3aFV8xrKLJfaF9mxlvGZ1D1z9aIqf2NkptDr+QndeNuQBTxQ==",
      "requires": {
        "@discordjs/builders": "^0.16.0",
        "@discordjs/collection": "^0.7.0",
        "@sapphire/async-queue": "^1.5.0",
        "@types/node-fetch": "^2.6.3",
        "@types/ws": "^8.5.4",
        "discord-api-types": "^0.33.5",
        "form-data": "^4.0.0",
        "node-fetch": "^2.6.7",
        "ws": "^8.13.0"
      },
      "dependencies": {
        "@discordjs/collection": {
          "version": "0.7.0",
          "resolved": "https://registry.npmjs.org/@discordjs/collection/-/collection-0.7.0.tgz",
          "integrity": "sha512-R5i8Wb8kIcBAFEPLLf7LVBQKBDYUL+ekb23sOgpkpyGT+V4P7V83wTxcsqmX+PbqHt4cEHn053uMWfRqh/Z/nA=="
        },
        "discord-api-types": {
          "version": "0.33.5",
          "resolved": "https://registry.npmjs.org/discord-api-types/-/discord-api-types-0.33.5.tgz",
          "integrity": "sha512-dvO5M52v7m7Dy96+XUnzXNsQ/0npsYpU6dL205kAtEDueswoz3aU3bh1UMoK4cQmcGtB1YRyLKqp+DXi05lzFg=="
        },
        "form-data": {
          "version": "4.0.0",
          "resolved": "https://registry.npmjs.org/form-data/-/form-data-4.0.0.tgz",
          "integrity": "sha512-ETEklSGi5t0QMZuiXoA/Q6vcnxcLQP5vdugSpuAyi6SVGi2clPPp+xgEhuMaHC+zGgn31Kd235W35f7Hykkaww==",
          "requires": {
            "asynckit": "^0.4.0",
            "combined-stream": "^1.0.8",
            "mime-types": "^2.1.12"
          }
        }
      }
    },
    "discord.js-selfbot": {
      "version": "12.0.2",
      "resolved": "https://registry.npmjs.org/discord.js-selfbot/-/discord.js-selfbot-12.0.2.tgz",
      "integrity": "sha512-JMuocq5T4mmIjI+cWtWCURK2a4Q1OwugW9A443J99D3PEtbNdS5CB89dZEQtyna33wudqvyuvXNDy+veyY343w==",
      "requires": {
        "@discordjs/collection": "^0.1.5",
        "abort-controller": "^3.0.0",
        "form-data": "^3.0.0",
        "node-fetch": "^2.6.0",
        "prism-media": "^1.2.0",
        "setimmediate": "^1.0.5",
        "tweetnacl": "^1.0.3",
        "ws": "^7.2.1"
      },
      "dependencies": {
        "@discordjs/collection": {
          "version": "0.1.6",
          "resolved": "https://registry.npmjs.org/@discordjs/collection/-/collection-0.1.6.tgz",
          "integrity": "sha512-utRNxnd9kSS2qhyivo9lMlt5qgAUasH2gb7BEOn6p0efFh24gjGomHzWKMAPn2hEReOPQZCJaRKoURwRotKucQ=="
        },
        "ws": {
          "version": "7.5.9",
          "resolved": "https://registry.npmjs.org/ws/-/ws-7.5.9.tgz",
          "integrity": "sha512-F+P9Jil7UiSKSkppIiD94dN07AwvFixvLIj1Og1Rl9GGMuNipJnV9JzjD6XuqmAeiswGvUmNLjr5cFuXwNS77Q==",
          "requires": {}
        }
      }
    },
    "discord.js-selfbot-rpc": {
      "version": "1.0.1",
      "resolved": "https://registry.npmjs.org/discord.js-selfbot-rpc/-/discord.js-selfbot-rpc-1.0.1.tgz",
      "integrity": "sha512-cEvEjgxXKmK3tcXnVCj3RPvZ45lAoSarXXLcz6RDcHE6pinX0pdBZ4jfEK3Qkh7pjes25gDnO3g91Vg6YnrHRQ=="
    },
    "discord.js-selfbot-v13": {
      "version": "2.14.9",
      "resolved": "https://registry.npmjs.org/discord.js-selfbot-v13/-/discord.js-selfbot-v13-2.14.9.tgz",
      "integrity": "sha512-1u9/R9ER83owsHfNiReEXxu5UXh+ufgV63hWqaxsEf8m9Sv3cXa31Ktjc0VTwzbwri4V8YR49eiAWTbK+cRSgA==",
      "requires": {
        "@aikochan2k6/qrcode-terminal": "^0.12.1",
        "@discordjs/builders": "^1.6.3",
        "@discordjs/collection": "^1.5.1",
        "@discordjs/voice": "^0.16.0",
        "@sapphire/async-queue": "^1.5.0",
        "@sapphire/shapeshift": "^3.9.2",
        "@types/node-fetch": "^2.6.4",
        "@types/ws": "^8.5.5",
        "chalk": "^4.1.2",
        "discord-api-types": "^0.37.49",
        "fetch-cookie": "^2.1.0",
        "form-data": "^4.0.0",
        "json-bigint": "^1.0.0",
        "lodash.permutations": "^1.0.0",
        "node-fetch": "^2.6.9",
        "safe-base64": "^2.0.1-0",
        "string_decoder": "^1.3.0",
        "string-similarity": "^4.0.4",
        "tough-cookie": "^4.1.3",
        "ws": "^8.13.0"
      },
      "dependencies": {
        "@discordjs/builders": {
          "version": "1.6.4",
          "resolved": "https://registry.npmjs.org/@discordjs/builders/-/builders-1.6.4.tgz",
          "integrity": "sha512-ARFKvmAkLhfkQQiNxqi0YIWqwUExvBRtvdtMFVJXvJoibsGkFrB/DWTf9byU7BTVUfsmW8w7NM55tYXR5S/iSg==",
          "requires": {
            "@discordjs/formatters": "^0.3.1",
            "@discordjs/util": "^1.0.0",
            "@sapphire/shapeshift": "^3.9.2",
            "discord-api-types": "^0.37.50",
            "fast-deep-equal": "^3.1.3",
            "ts-mixer": "^6.0.3",
            "tslib": "^2.6.1"
          }
        },
        "@discordjs/util": {
          "version": "1.0.0",
          "resolved": "https://registry.npmjs.org/@discordjs/util/-/util-1.0.0.tgz",
          "integrity": "sha512-U2Iiab0mo8cFe+o4ZY4GROoAetGjFYA1PhhxiXEW82LuPUjOU/seHZDtVjDpOf6n3rz4IRm84wNtgHdpqRY5CA=="
        },
        "@discordjs/voice": {
          "version": "0.16.0",
          "resolved": "https://registry.npmjs.org/@discordjs/voice/-/voice-0.16.0.tgz",
          "integrity": "sha512-ToGCvHD1cBscuW3p+C7zOF5+L7MJmU4GjdOARfNk9mkHyFFZq4grK+Sxr3QXKbp27DtfDBc9uqD4GUOYgxngfA==",
          "requires": {
            "@types/ws": "^8.5.4",
            "discord-api-types": "^0.37.37",
            "prism-media": "^1.3.5",
            "tslib": "^2.5.0",
            "ws": "^8.13.0"
          }
        },
        "form-data": {
          "version": "4.0.0",
          "resolved": "https://registry.npmjs.org/form-data/-/form-data-4.0.0.tgz",
          "integrity": "sha512-ETEklSGi5t0QMZuiXoA/Q6vcnxcLQP5vdugSpuAyi6SVGi2clPPp+xgEhuMaHC+zGgn31Kd235W35f7Hykkaww==",
          "requires": {
            "asynckit": "^0.4.0",
            "combined-stream": "^1.0.8",
            "mime-types": "^2.1.12"
          }
        }
      }
    },
    "dotenv": {
      "version": "16.3.1",
      "resolved": "https://registry.npmjs.org/dotenv/-/dotenv-16.3.1.tgz",
      "integrity": "sha512-IPzF4w4/Rd94bA9imS68tZBaYyBWSCE47V1RGuMrB94iyTOIEwRmVL2x/4An+6mETpLrKJ5hQkB8W4kFAadeIQ=="
    },
    "event-target-shim": {
      "version": "5.0.1",
      "resolved": "https://registry.npmjs.org/event-target-shim/-/event-target-shim-5.0.1.tgz",
      "integrity": "sha512-i/2XbnSz/uxRCU6+NdVJgKWDTM427+MqYbkQzD321DuCQJUqOuJKIA0IM2+W2xtYHdKOmZ4dR6fExsd4SXL+WQ=="
    },
    "fast-deep-equal": {
      "version": "3.1.3",
      "resolved": "https://registry.npmjs.org/fast-deep-equal/-/fast-deep-equal-3.1.3.tgz",
      "integrity": "sha512-f3qQ9oQy9j2AhBe/H9VC91wLmKBCCU/gDOnKNAYG5hswO7BLKj09Hc5HYNz9cGI++xlpDCIgDaitVs03ATR84Q=="
    },
    "fetch-cookie": {
      "version": "2.1.0",
      "resolved": "https://registry.npmjs.org/fetch-cookie/-/fetch-cookie-2.1.0.tgz",
      "integrity": "sha512-39+cZRbWfbibmj22R2Jy6dmTbAWC+oqun1f1FzQaNurkPDUP4C38jpeZbiXCR88RKRVDp8UcDrbFXkNhN+NjYg==",
      "requires": {
        "set-cookie-parser": "^2.4.8",
        "tough-cookie": "^4.0.0"
      }
    },
    "form-data": {
      "version": "3.0.1",
      "resolved": "https://registry.npmjs.org/form-data/-/form-data-3.0.1.tgz",
      "integrity": "sha512-RHkBKtLWUVwd7SqRIvCZMEvAMoGUp0XU+seQiZejj0COz3RI3hWP4sCv3gZWWLjJTd7rGwcsF5eKZGii0r/hbg==",
      "requires": {
        "asynckit": "^0.4.0",
        "combined-stream": "^1.0.8",
        "mime-types": "^2.1.12"
      }
    },
    "has-flag": {
      "version": "4.0.0",
      "resolved": "https://registry.npmjs.org/has-flag/-/has-flag-4.0.0.tgz",
      "integrity": "sha512-EykJT/Q1KjTWctppgIAgfSO0tKVuZUjhgMr17kqTumMl6Afv3EISleU7qZUzoXDFTAHTDC4NOoG/ZxU3EvlMPQ=="
    },
    "json-bigint": {
      "version": "1.0.0",
      "resolved": "https://registry.npmjs.org/json-bigint/-/json-bigint-1.0.0.tgz",
      "integrity": "sha512-SiPv/8VpZuWbvLSMtTDU8hEfrZWg/mH/nV/b4o0CYbSxu1UIQPLdwKOCIyLQX+VIPO5vrLX3i8qtqFyhdPSUSQ==",
      "requires": {
        "bignumber.js": "^9.0.0"
      }
    },
    "lodash": {
      "version": "4.17.21",
      "resolved": "https://registry.npmjs.org/lodash/-/lodash-4.17.21.tgz",
      "integrity": "sha512-v2kDEe57lecTulaDIuNTPy3Ry4gLGJ6Z1O3vE1krgXZNrsQ+LFTGHVxVjcXPs17LhbZVGedAJv8XZ1tvj5FvSg=="
    },
    "lodash.permutations": {
      "version": "1.0.0",
      "resolved": "https://registry.npmjs.org/lodash.permutations/-/lodash.permutations-1.0.0.tgz",
      "integrity": "sha512-0hFwfPb1V63YefDRGyR3iLDwdOEiNwxb1E3QQfGfytwha9wxb8ZRI1TrIAUPBG/GRGs51ctYvsNWrp+slXC9pw==",
      "requires": {}
    },
    "mime-db": {
      "version": "1.52.0",
      "resolved": "https://registry.npmjs.org/mime-db/-/mime-db-1.52.0.tgz",
      "integrity": "sha512-sPU4uV7dYlvtWJxwwxHD0PuihVNiE7TyAbQ5SWxDCB9mUYvOgroQOwYQQOKPJ8CIbE+1ETVlOoK1UC2nU3gYvg=="
    },
    "mime-types": {
      "version": "2.1.35",
      "resolved": "https://registry.npmjs.org/mime-types/-/mime-types-2.1.35.tgz",
      "integrity": "sha512-ZDY+bPm5zTTF+YpCrAU9nK0UgICYPT0QtT1NZWFv4s++TNkcgVaT0g6+4R2uI4MjQjzysHB1zxuWL50hzaeXiw==",
      "requires": {
        "mime-db": "1.52.0"
      }
    },
    "node-fetch": {
      "version": "2.6.12",
      "resolved": "https://registry.npmjs.org/node-fetch/-/node-fetch-2.6.12.tgz",
      "integrity": "sha512-C/fGU2E8ToujUivIO0H+tpQ6HWo4eEmchoPIoXtxCrVghxdKq+QOHqEZW7tuP3KlV3bC8FRMO5nMCC7Zm1VP6g==",
      "requires": {
        "whatwg-url": "^5.0.0"
      }
    },
    "prism-media": {
      "version": "1.3.5",
      "resolved": "https://registry.npmjs.org/prism-media/-/prism-media-1.3.5.tgz",
      "integrity": "sha512-IQdl0Q01m4LrkN1EGIE9lphov5Hy7WWlH6ulf5QdGePLlPas9p2mhgddTEHrlaXYjjFToM1/rWuwF37VF4taaA==",
      "requires": {}
    },
    "psl": {
      "version": "1.9.0",
      "resolved": "https://registry.npmjs.org/psl/-/psl-1.9.0.tgz",
      "integrity": "sha512-E/ZsdU4HLs/68gYzgGTkMicWTLPdAftJLfJFlLUAAKZGkStNU72sZjT66SnMDVOfOWY/YAoiD7Jxa9iHvngcag=="
    },
    "punycode": {
      "version": "2.3.0",
      "resolved": "https://registry.npmjs.org/punycode/-/punycode-2.3.0.tgz",
      "integrity": "sha512-rRV+zQD8tVFys26lAGR9WUuS4iUAngJScM+ZRSKtvl5tKeZ2t5bvdNFdNHBW9FWR4guGHlgmsZ1G7BSm2wTbuA=="
    },
    "querystringify": {
      "version": "2.2.0",
      "resolved": "https://registry.npmjs.org/querystringify/-/querystringify-2.2.0.tgz",
      "integrity": "sha512-FIqgj2EUvTa7R50u0rGsyTftzjYmv/a3hO345bZNrqabNqjtgiDMgmo4mkUjd+nzU5oF3dClKqFIPUKybUyqoQ=="
    },
    "requires-port": {
      "version": "1.0.0",
      "resolved": "https://registry.npmjs.org/requires-port/-/requires-port-1.0.0.tgz",
      "integrity": "sha512-KigOCHcocU3XODJxsu8i/j8T9tzT4adHiecwORRQ0ZZFcp7ahwXuRU1m+yuO90C5ZUyGeGfocHDI14M3L3yDAQ=="
    },
    "safe-base64": {
      "version": "2.0.1-0",
      "resolved": "https://registry.npmjs.org/safe-base64/-/safe-base64-2.0.1-0.tgz",
      "integrity": "sha512-ZoFf0RRp5NpNkgupFq3oILwFC5wzR8TD+U9WbWAMk4iryuBvyOP/p8nrc5qtDFlqHxL8rwbr/t+rRjsIYZsJrg=="
    },
    "safe-buffer": {
      "version": "5.2.1",
      "resolved": "https://registry.npmjs.org/safe-buffer/-/safe-buffer-5.2.1.tgz",
      "integrity": "sha512-rp3So07KcdmmKbGvgaNxQSJr7bGVSVk5S9Eq1F+ppbRo70+YeaDxkw5Dd8NPN+GD6bjnYm2VuPuCXmpuYvmCXQ=="
    },
    "selfbot": {
      "version": "2.0.0",
      "resolved": "https://registry.npmjs.org/selfbot/-/selfbot-2.0.0.tgz",
      "integrity": "sha512-zYzvVIfe5YEkD41WskQcP7d7AbR/7D+Tm6AN1TNFXreUU6KXgYcICoN4f+ovpoT/mMxifo6ORm3xs5PrxOTH2A=="
    },
    "set-cookie-parser": {
      "version": "2.6.0",
      "resolved": "https://registry.npmjs.org/set-cookie-parser/-/set-cookie-parser-2.6.0.tgz",
      "integrity": "sha512-RVnVQxTXuerk653XfuliOxBP81Sf0+qfQE73LIYKcyMYHG94AuH0kgrQpRDuTZnSmjpysHmzxJXKNfa6PjFhyQ=="
    },
    "setimmediate": {
      "version": "1.0.5",
      "resolved": "https://registry.npmjs.org/setimmediate/-/setimmediate-1.0.5.tgz",
      "integrity": "sha512-MATJdZp8sLqDl/68LfQmbP8zKPLQNV6BIZoIgrscFDQ+RsvK/BxeDQOgyxKKoh0y/8h3BqVFnCqQ/gd+reiIXA=="
    },
    "string_decoder": {
      "version": "1.3.0",
      "resolved": "https://registry.npmjs.org/string_decoder/-/string_decoder-1.3.0.tgz",
      "integrity": "sha512-hkRX8U1WjJFd8LsDJ2yQ/wWWxaopEsABU1XfkM8A+j0+85JAGppt16cr1Whg6KIbb4okU6Mql6BOj+uup/wKeA==",
      "requires": {
        "safe-buffer": "~5.2.0"
      }
    },
    "string-similarity": {
      "version": "4.0.4",
      "resolved": "https://registry.npmjs.org/string-similarity/-/string-similarity-4.0.4.tgz",
      "integrity": "sha512-/q/8Q4Bl4ZKAPjj8WerIBJWALKkaPRfrvhfF8k/B23i4nzrlRj2/go1m90In7nG/3XDSbOo0+pu6RvCTM9RGMQ=="
    },
    "supports-color": {
      "version": "7.2.0",
      "resolved": "https://registry.npmjs.org/supports-color/-/supports-color-7.2.0.tgz",
      "integrity": "sha512-qpCAvRl9stuOHveKsn7HncJRvv501qIacKzQlO/+Lwxc9+0q2wLyv4Dfvt80/DPn2pqOBsJdDiogXGR9+OvwRw==",
      "requires": {
        "has-flag": "^4.0.0"
      }
    },
    "tough-cookie": {
      "version": "4.1.3",
      "resolved": "https://registry.npmjs.org/tough-cookie/-/tough-cookie-4.1.3.tgz",
      "integrity": "sha512-aX/y5pVRkfRnfmuX+OdbSdXvPe6ieKX/G2s7e98f4poJHnqH3281gDPm/metm6E/WRamfx7WC4HUqkWHfQHprw==",
      "requires": {
        "psl": "^1.1.33",
        "punycode": "^2.1.1",
        "universalify": "^0.2.0",
        "url-parse": "^1.5.3"
      }
    },
    "tr46": {
      "version": "0.0.3",
      "resolved": "https://registry.npmjs.org/tr46/-/tr46-0.0.3.tgz",
      "integrity": "sha512-N3WMsuqV66lT30CrXNbEjx4GEwlow3v6rr4mCcv6prnfwhS01rkgyFdjPNBYd9br7LpXV1+Emh01fHnq2Gdgrw=="
    },
    "ts-mixer": {
      "version": "6.0.3",
      "resolved": "https://registry.npmjs.org/ts-mixer/-/ts-mixer-6.0.3.tgz",
      "integrity": "sha512-k43M7uCG1AkTyxgnmI5MPwKoUvS/bRvLvUb7+Pgpdlmok8AoqmUaZxUUw8zKM5B1lqZrt41GjYgnvAi0fppqgQ=="
    },
    "tslib": {
      "version": "2.6.1",
      "resolved": "https://registry.npmjs.org/tslib/-/tslib-2.6.1.tgz",
      "integrity": "sha512-t0hLfiEKfMUoqhG+U1oid7Pva4bbDPHYfJNiB7BiIjRkj1pyC++4N3huJfqY6aRH6VTB0rvtzQwjM4K6qpfOig=="
    },
    "tweetnacl": {
      "version": "1.0.3",
      "resolved": "https://registry.npmjs.org/tweetnacl/-/tweetnacl-1.0.3.tgz",
      "integrity": "sha512-6rt+RN7aOi1nGMyC4Xa5DdYiukl2UWCbcJft7YhxReBGQD7OAM8Pbxw6YMo4r2diNEA8FEmu32YOn9rhaiE5yw=="
    },
    "universalify": {
      "version": "0.2.0",
      "resolved": "https://registry.npmjs.org/universalify/-/universalify-0.2.0.tgz",
      "integrity": "sha512-CJ1QgKmNg3CwvAv/kOFmtnEN05f0D/cn9QntgNOQlQF9dgvVTHj3t+8JPdjqawCHk7V/KA+fbUqzZ9XWhcqPUg=="
    },
    "url-parse": {
      "version": "1.5.10",
      "resolved": "https://registry.npmjs.org/url-parse/-/url-parse-1.5.10.tgz",
      "integrity": "sha512-WypcfiRhfeUP9vvF0j6rw0J3hrWrw6iZv3+22h6iRMJ/8z1Tj6XfLP4DsUix5MhMPnXpiHDoKyoZ/bdCkwBCiQ==",
      "requires": {
        "querystringify": "^2.1.1",
        "requires-port": "^1.0.0"
      }
    },
    "webidl-conversions": {
      "version": "3.0.1",
      "resolved": "https://registry.npmjs.org/webidl-conversions/-/webidl-conversions-3.0.1.tgz",
      "integrity": "sha512-2JAn3z8AR6rjK8Sm8orRC0h/bcl/DqL7tRPdGZ4I1CjdF+EaMLmYxBHyXuKL849eucPFhvBoxMsflfOb8kxaeQ=="
    },
    "whatwg-url": {
      "version": "5.0.0",
      "resolved": "https://registry.npmjs.org/whatwg-url/-/whatwg-url-5.0.0.tgz",
      "integrity": "sha512-saE57nupxk6v3HY35+jzBwYa0rKSy0XR8JSxZPwgLr7ys0IBzhGviA1/TUGJLmSVqs8pb9AnvICXEuOHLprYTw==",
      "requires": {
        "tr46": "~0.0.3",
        "webidl-conversions": "^3.0.0"
      }
    },
    "ws": {
      "version": "8.13.0",
      "resolved": "https://registry.npmjs.org/ws/-/ws-8.13.0.tgz",
      "integrity": "sha512-x9vcZYTrFPC7aSIbj7sRCYo7L/Xb8Iy+pW0ng0wt2vCJv7M9HOMy0UoN3rr+IFC7hb7vXoqS+P9ktyLLLhO+LA==",
      "requires": {}
    }
  }
}
