{
  "name": "token",
  "version": "0.0.1",
  "description": "Bewrq selfbot",
  "main": "index.js",
  "scripts": {
    "start": "node index.js"
  },
  "engines": {
    "node": "16.x"
  },
  "author": "Bewrq.xd",
  "license": "MIT",
  "dependencies": {
    "@discordjs/voice": "^0.14.0",
    "croxydb": "0.0.7",
    "discord.js": "^13.16.0",
    "discord.js-selfbot": "^12.0.2",
    "discord.js-selfbot-rpc": "^1.0.1",
    "discord.js-selfbot-v13": "^2.9.5",
    "dotenv": "^16.0.1",
    "selfbot": "^2.0.0"
  },
  "keywords": []
}
